Câu hỏi,Đáp án A,Đáp án B,Đáp án C,Đáp án D,Đáp án đúng
"Ca khúc truyền thống của ngành điện Việt Nam là ca khúc nào? Tác giả là ai?","Bản tình ca ngành điện - Tác giả Phạm Tuyên","Bản tình ca ngành điện - Tác giả Đào Hữu Thi","Tình khúc ngành điện - Tác giả Đào Hữu Thi","Tình ca ngành điện - Tác giả Đào Hữu Thi","B"
"Chất lượng điện năng trong điều kiện lưới điện bình thường, ổn định được quy định như thế nào trong Nghị định 137/2013/NĐ-CP?","Về điện áp độ lệch điện áp cho phép trong khoảng ± 5% so với điện áp danh định của lưới điện,về tần số độ lệch tần số hệ thống điện cho phép trong phạm vi ± 0,2Hz so với tần số danh định là 50Hz.","Về điện áp độ lệch điện áp cho phép trong khoảng + 5% đến -10%so với điện áp danh định của lưới điện, về tần số độ lệch tần số hệ thống điện cho phép trong phạm vi ± 0,2Hz so với tần số danh định là 50Hz","Về điện áp độ lệch điện áp cho phép trong khoảng ± 5% so với điện áp danh định của lưới điện, về tần số độ lệch tần số hệ thống điện cho phép trong phạm vi ± 0,5Hz so với tần số danh định là 50Hz.","Về điện áp độ lệch điện áp cho phép trong khoảng + 5% đến -10%so với điện áp danh định của lưới điện về tần số độ lệch tần số hệ thống điện cho phép trong phạm vi ± 0,5Hz so với tần số danh định là 50Hz","A"
"Có bao nhiêu hình thức quấy rối tình dục tại nơi làm việc?","03 hình thức","04 hình thức","02 hình thức","05 hình thức","B"
"Có bao nhiêu hình thức xử lý kỷ luật lao động","03 hình thức","04 hình thức","05 hình thức","02 hình thức","B"
"Công ty nào sau đây là CTCP do Tổng công ty Điện lực TP Hà Nội sở hữu cổ phần chi phối?","Công ty TNHH đầu tư và phát triển Điện lực Hà Nội","Công ty Cổ phần Đầu tư xây dựng và Phát triển Điện lực Hà Nội","Công ty Cổ phần Tư vấn xây dựng và Phát triển Điện lực Hà Nội","Công ty Cổ phần Đầu tư và Phát triển Điện lực Hà Nội","B"
"Đâu là quy định đúng nhất về Phạm vi điều chỉnh của Luật Điện lực?","Luật này quy định về quy hoạch và đầu tư phát triển điện lực; tiết kiệm điện, quyền và nghĩa vụ của tổ chức hoạt động điện lực và sử dụng điện, bảo vệ trang thiết bị điện, công trình điện lực và an toàn điện","Luật này quy định về quy hoạch và đầu tư phát triển điện lực; tiết kiệm điện, quyền và nghĩa vụ của tổ chức, cá nhân hoạt động điện lực và sử dụng điện, bảo vệ trang thiết bị điện, công trình điện lực và an toàn điện","Luật này quy định về quy hoạch và đầu tư phát triển điện lực; tiết kiệm điện, thị trường điện lực, quyền và nghĩa vụ của tổ chức, cá nhân hoạt động điện lực và sử dụng điện, bảo vệ trang thiết bị điện, công trình điện lực và an toàn điện","Luật này quy định về đầu tư phát triển điện lực; tiết kiệm điện, thị trường điện lực, quyền và nghĩa vụ của tổ chức, cá nhân hoạt động điện lực và sử dụng điện, bảo vệ trang thiết bị điện, công trình điện lực và an toàn điện","C"
"Đối tượng áp dụng của Nội quy lao động EVNHANOI?","Áp dụng đối với tất cả người lao động trong Tổng công ty Điện lực TP Hà Nội","Áp dụng đối với tất cả người lao động trong Tổng công ty Điện lực TP Hà Nội (không kể NLĐ trong thời gian thử việc, học nghề, thực tập)","Áp dụng đối với tất cả người lao động trong Tổng công ty Điện lực TP Hà Nội (kể cả NLĐ trong thời gian thử việc, học nghề, thực tập)","Áp dụng đối với tất cả người lao động trong Tổng công ty Điện lực TP Hà Nội (bao gồm cả Cán bộ quản lý)","C"
"Đơn vị nào sau đây có trách nhiệm đầu tư công tơ và đường dây dẫn điện đến công tơ để bán điện?","Đơn vị phân phối điện","Đơn vị bán buôn điện","Đơn vị bán lẻ điện","Đơn vị phát điện","A"
"Đơn vị phân phối điện không nghiệm thu đúng thời hạn quy định sau khi lắp đặt, thay thế, sửa chữa hoặc hiệu chỉnh thiết bị đo đếm điện sẽ bị phạt tiền với mức phạt như thế nào theo quy định tại Nghị định 17/2022/NĐ-CP?","Phạt tiền từ 1.000.000 đến 3.000.000 đồng","Phạt tiền từ 3.000.000 đến 5.000.000 đồng","Phạt tiền từ 5.000.000 đến 10.000.000 đồng","Phạt tiền từ 10.000.000 đến 15.000.000 đồng","B"
"Giá bán buôn điện được hiểu như thế nào theo Luật Điện lực?","Là giá bán điện của đơn vị điện lực này bán cho đơn vị điện lực khác để bán lại.","Là giá bán điện của đơn vị điện lực này bán cho đơn vị điện lực khác.","Là giá bán điện của đơn vị điện lực này bán cho đơn vị điện lực khác và khách hàng sử dụng điện","Là giá bán điện của đơn vị điện lực bán cho khách hàng sử dụng điện","A"
"Giờ làm việc ban đêm được tính như thế nào?","Từ 22 giờ đến 6 giờ sáng hôm sau","Từ 22 giờ đến 7 giờ sáng hôm sau","Từ 22 giờ đến 8 giờ sáng hôm sau","Từ 22 giờ đến 5 giờ sáng hôm sau","A"
"Giờ làm việc hành chính được quy định như thế nào?","Buổi sáng từ 7h30 đến 11h30; buổi chiếu từ 13h00 đến 17h00","Buổi sáng từ 8h00 đến 12h00; buổi chiếu từ 13h30 đến 17h30","Buổi sáng từ 8h00 đến 12h00; buổi chiếu từ 13h00 đến 17h00","Buổi sáng từ 7h30 đến 11h30; buổi chiếu từ 13h30 đến 17h30","C"
"Hành vi nào sau đây là hành vi phạm Hợp đồng của bên mua điện theo quy định của Nghị định 137/2013/NĐ-CP?","Tự ý lắp đặt, đóng, cắt, sửa chữa, di chuyển, thay thế các thiết bị điện và công trình điện của bên bán điện","Không thông báo cho bên bán điện biết trước 15 ngày khi có nhu cầu chấm dứt hợp đồng mua bán điện đối với trường hợp mua điện để phục vụ các mục đích khác ngoài mục đích sinh hoạt.","Không thanh lý hợp đồng khi không sử dụng điện.","Sử dụng các thiết bị với mục đích gây nhiễu làm hư hại thiết bị truyền số liệu, đo lường, bảo vệ của hệ thống điện","C"
"Hành vi nào sau đây là hành vi vi phạm Hợp đồng của bên mua và bên bán điện theo quy định tại Nghị định 137/2013/NĐ-CP?","Không thanh lý hợp đồng khi không sử dụng điện;","Trì hoãn việc cấp điện theo hợp đồng mua bán điện đã ký, trừ trường hợp công trình của khách hàng chưa đủ điều kiện vận hành","Không bảo đảm chất lượng, số lượng điện năng, tính ổn định trong cấp điện theo hợp đồng đã ký, trừ trường hợp bất khả kháng","Trì hoãn hoặc không bồi thường về những thiệt hại do lỗi của mình gây ra;","D"
"Hành vi Trộm cắp điện được giải thích trong Luật điện lực như thế nào?","Là hành vi lấy điện trái phép không qua công tơ, tác động nhằm làm sai lệch chỉ số đo đêm của công tơ và các thiết bị khác có liên quan đến đo đếm điện, ghi sai chỉ số công tơ và các hành vi lấy điện gian lận khác","Là hành vi lấy điện trái phép, tác động làm sai lệch chỉ số đo đếm của công tơ và các thiết bị khác có liên quan đến đo đếm điện, cố ý ghi sai chỉ số công tơ và các hành vi lấy điện gian lận khác","Là hành vi lấy điện trái phép không qua công tơ, tác động nhằm làm sai lệch chỉ số đo đếm của công tơ và các thiết bị khác có liên quan đến đo đếm điện, cố ý ghi sai chỉ số công tơ và các hành vi lấy điện gian lận khác","Là hành vi lấy điện trái phép không qua công tơ, tác động nhằm làm sai lệch chỉ số đo đếm của công tơ và các thiết bị khác có liên quan đến đo đếm điện, cố ý hoặc thông đồng ghi sai chỉ số công tơ và các hành vi lấy điện gian lận khác","D"
"Hình ảnh nhãn hiệu của đồng phục bảo hộ lao động là gì?","Đối với nam: Quần áo Comple (màu đen), Áo sơ mi trắng, Cavat, Bộ Veston; Đối với nữ: Áo sơ mi trắng, Jupe hoặc quần, Bộ Veston","Đối với nam: Quần áo Comple (sẫm mầu), Áo sơ mi trắng, Cavat, Bộ Veston; Đối với nữ: Áo sơ mi trắng, Jupe, Bộ Veston","Đối với nam: Quần áo Comple (màu xanh tím than), Áo sơ mi trắng, Cavat, Bộ Veston; Đối với nữ: Áo sơ mi trắng, Jupe hoặc quần, Bộ Veston","Đối với nam: Quần áo Comple (sẫm mầu), Áo sơ mi trắng, Cavat, Bộ Veston; Đối với nữ: Áo sơ mi trắng, Jupe hoặc quần, Bộ Veston","D"
"Hoạt động điện lực được giải thích như thế nào trong Luật điện lực?","Là hoạt động của tổ chức trong các lĩnh vực quy hoạch, đầu tư phát triển điện lực, phát điện, truyền tải điện, phân phối điện, điều độ hệ thống điện,điều hành giao dịch thị trường điện lực, bán buôn điện, bán lẻ điện, tư vấn chuyên ngành điện lực và những hoạt động khác có liên quan","Là hoạt động của tổ chức, cá nhân trong các lĩnh vực quy hoạch, đầu tư phát triển điện lực, phát điện, truyền tải điện, phân phối điện, điều độ hệ thống điện, điều hành giao dịch thị trường điện lực, bán buôn điện, bán lẻ điện, tư vấn chuyên ngành điện lực và những hoạt động khác có liên quan","Là hoạt động của tổ chức, cá nhân trong các lĩnh vực quy hoạch, đầu tư phát triển điện lực, phát điện, truyền tải điện, phân phối điện, điều độ hệ thống điện, bán buôn điện, bán lẻ điện, tư vấn chuyên ngành điện lực và những hoạt động khác có liên quan","Là hoạt động của tổ chức trong các lĩnh vực quy hoạch, đầu tư phát triển điện lực, phát điện, truyền tải điện, phân phối điện, điều độ hệ thống điện, điều hành giao dịch thị trường điện lực, bán buôn điện, bán lẻ điện, tư vấn chuyên ngành điện lực","B"
"Loại hình doanh nghiệp của EVNHANOI là?","Công ty TNHH","Công ty Cổ phần","Công ty Hợp danh","Công ty nhà nước","A"
"Luật Điện lực giải thích khái niệm ""Khách hàng sử dụng điện"" như thế nào?","Khách hàng sử dụng điện là tổ chức, cá nhân mua điện để bán lại cho tổ chức, cá nhân khác","Khách hàng sử dụng điện là tổ chức, cá nhân mua điện để sử dụng","Khách hàng sử dụng điện là tổ chức mua điện để sử dụng, không bán lại cho tổ chức, cá nhân khác","Khách hàng sử dụng điện là tổ chức, cá nhân mua điện để sử dụng, không bán lại cho tổ chức, cá nhân khác.","D"
"Luật điện lực quy định các căn cứ lập và điều chỉnh giá điện bao gồm những căn cứ nào sau đây?","Chính sách giá điện, quan hệ cung cầu về điện, các chi phí sản xuất, kinh doanh điện và lợi nhuận hợp lý của đơn vị điện lực","Chính sách giá điện, điều kiện phát triển kinh tế - xã hội của đất nước, thu nhập của người dân trong từng thời kỳ, quan hệ cung cầu về điện","Các chi phí sản xuất, kinh doanh điện và lợi nhuận hợp lý của đơn vị điện lực. cấp độ phát triển của thị trường điện lực","Chính sách giá điện, điều kiện phát triển kinh tế - xã hội của đất nước, thu nhập của người dân trong từng thời kỳ, quan hệ cung cầu về điện; các chi phí sản xuất, kinh doanh điện và lợi nhuận hợp lý của đơn vị điện lực, cấp độ phát triển của thị trường điện lực, Báo cáo tài chính đã được kiểm toán hàng năm của đơn vị điện lực","D"
"Luật điện lực quy định Khách hàng sử dụng điện quan trọng trên địa bàn TP Hà Nội là khách hàng như thế nào?","Là khách hàng thuộc diện ưu tiên cấp điện khi bên bán điện thực hiện ngừng, giảm mức cung cấp điện, được UBND TP Hà Nội xác định căn cứ vào tầm quan trọng về chính trị, xã hội, an ninh, quốc phòng","Là khách hàng thuộc diện ưu tiên cấp điện khi bên bán điện thực hiện ngừng, giảm mức cung cấp điện, được Tập đoàn Điện lực Việt Nam xác định căn cứ vào tầm quan trọng về chính trị, xã hội, an ninh, quốc phòng","Là khách hàng thuộc diện ưu tiên cấp điện khi bên bán điện thực hiện ngừng, giảm mức cung cấp điện, được Sở Công thương Hà Nội xác định căn cứ vào tầm quan trọng về chính trị, xã hội, an ninh, quốc phòng","Là khách hàng thuộc diện ưu tiên cấp điện khi bên bán điện thực hiện ngừng, giảm mức cung cấp điện, được Cục Điều tiết lực – Bộ Công thương xác định căn cứ vào tầm quan trọng về chính trị, xã hội, an ninh, quốc phòng","A"
"Luật Điện lực quy định khung giá của mức giá bán lẻ điện bình quân do cơ quan nào xây dựng?","Thủ tướng Chính phủ","Bộ Tài chính","Bộ Công thương chủ trì, phối hợp với Bộ Tài chính","Tập đoàn Điện lực Việt Nam","C"
"Luật Điện lực quy định như thế nào về trách nhiệm của Bên bán điện đối với thiết bị đo đếm điện?","Có trách nhiệm tổ chức việc kiểm định, hiệu chuẩn, thử nghiệm thiết bị đo đếm điện theo đúng yêu cầu và thời hạn quy định của pháp luật về đo lường","Có trách nhiệm tổ chức việc kiểm định, thử nghiệm thiết bị đo đếm điện theo đúng yêu cầu và thời hạn quy định của pháp luật về đo lường","Có trách nhiệm tổ chức việc kiểm định, hiệu chuẩn, thiết bị đo đếm điện theo đúng yêu cầu và thời hạn quy định của pháp luật về đo lường","Có trách nhiệm tổ chức việc hiệu chuẩn, thử nghiệm thiết bị đo đếm điện theo đúng yêu cầu và thời hạn quy định của pháp luật về đo lường","A"
"Luật điện lực quy định tổ chức nào được phép kiểm định, hiệu chuẩn, thử nghiệm thiết bị đo đếm điện?","Chỉ những tổ chức có thẩm quyền hoặc được ủy quyền theo quy định của cơ quan quản lý nhà nước về đo lường mới được phép kiểm định thiết bị đo đếm điện","Chỉ những tổ chức đã đăng ký theo quy định của pháp luật về đo lường mới được phép kiểm định thiết bị đo đếm điện","Chỉ những tổ chức kiểm định được chỉ định theo quy định của pháp luật về đo lường mới được phép kiểm định thiết bị đo đếm điện","Chỉ những tổ chức kiểm định, hiệu chuẩn, thử nghiệm đã đăng ký hoặc được chỉ định theo quy định của pháp luật về đo lường mới được phép kiểm định, hiệu chuẩn, thử nghiệm thiết bị đo đếm điện","D"
"Luật Điện lực quy định về thiết bị đo đếm điện như thế nào?","Phải phù hợp với Tiêu chuẩn Việt Nam và được cơ quan quản lý nhà nước về đo lường kiểm chuẩn và niêm phong","Phải bảo đảm yêu cầu kỹ thuật đo lường","Phải được kiểm định, hiệu chuẩn, thử nghiệm theo quy định của pháp luật về đo lường","Phải bảo đảm yêu cầu kỹ thuật đo lường và được kiểm định, hiệu chuẩn, thử nghiệm theo quy định của pháp luật về đo lường","D"
"Màu sắc trang phục của đồng phục bảo hộ lao động là gì?","Áo: Logo và tên đơn vị tại ngực phải; Logo tại tay áo trái và lưng áo; Mũ: Logo ở vị trí chính giữa phía trước mũ; Vạch phản quang: ở vị trí ngang ngực áo, lưng áo và bên dưới đầu gối","Áo: Logo và tên đơn vị tại ngực trái; Logo tại tay áo trái và lưng áo; Mũ: Logo ở vị trí chính giữa phía trước mũ; Vạch phản quang: ở vị trí ngang ngực áo, lưng áo và bên dưới đầu gối","Áo: Logo và tên đơn vị tại ngực trái; Logo tại tay áo trái và lưng áo; Mũ: Logo ở vị trí chính giữa phía trước và sau mũ; Vạch phản quang: ở vị trí ngang ngực áo, lưng áo và bên dưới đầu gối","Áo: Logo và tên đơn vị tại ngực trái; Logo tại tay áo phải và lưng áo; Mũ: Logo ở vị trí chính giữa phía trước mũ; Vạch phản quang: ở vị trí ngang ngực áo, lưng áo và bên dưới đầu gối","B"
"Motif ""Một nguồn sáng triệu niềm tin"" có ý nghĩa là gì?","Biểu tượng ngôi sao bốn cánh với kích thước khác nhau (đại diện cho ba khối phát điện, truyền tải và phân phối) được sắp xếp theo hiệu ứng lan tỏa","Biểu tượng ngôi sao bốn cánh với kích thước khác nhau (đại diện cho ba khối nguồn, truyền tải và phân phối) được sắp xếp theo hiệu ứng lan tỏa","Biểu tượng ngôi sao năm cánh với kích thước khác nhau (đại diện cho bốn khối phát điện, truyền tải, phân phối và dịch vụ) được sắp xếp theo hiệu ứng lan tỏa","Biểu tượng ngôi sao năm cánh với kích thước khác nhau (đại diện cho ba khối phát điện, truyền tải và phân phối) được sắp xếp theo hiệu ứng lan tỏa","A"
"Ngày 21/12/1954, Chủ tịch Hồ Chí Minh đã về thăm cán bộ, nhân viên Nhà máy đèn Bờ Hồ. Tại đây, Người đã căn dặn điều gì?","Nhà máy bây giờ là của nhân dân, của Nhà nước, của các cô, các chú. Các cô, các chú là chủ thì phải giữ gìn, làm cho nó phát triển hơn nữa","Nhà máy bây giờ là của nhân dân, của Chính phủ, của các cô, các chú. Các cô, các chú là chủ thì phải giữ gìn nhà máy làm cho nó phát triển hơn nữa","Nhà máy bây giờ là của Đảng, của Chính phủ, của các cô, các chú. Các cô, các chú là chủ thì phải giữ gìn nhà máy làm cho nó phát triển hơn nữa","Nhà máy bây giờ là của Đảng, của Nhân dân, của các cô, các chú. Các cô, các chú là chủ thì phải giữ gìn nhà máy làm cho nó phát triển hơn nữa","B"
"Nghị định 137/2013/NĐ-CP quy định Giá trị bảo đảm thực hiện HĐMBĐ đối với khách hàng sử dụng bình quân từ 1.000.000 kWh/ tháng trở lên được tính như thế nào trong trường hợp bên mua, bên bán không có thỏa thuận?","Không vượt quá 10 ngày tiền điện, được tính trên cơ sở sản lượng điện tiêu thụ trung bình tháng đăng ký trong hợp đồng mua bán điện và giá điện năng giờ bình thường được áp dụng","Không vượt quá 15 ngày tiền điện, được tính trên cơ sở sản lượng điện tiêu thụ trung bình tháng đăng ký trong hợp đồng mua bán điện và giá điện năng giờ bình thường được áp dụng","Không vượt quá 20 ngày tiền điện, được tính trên cơ sở sản lượng điện tiêu thụ trung bình tháng đăng ký trong hợp đồng mua bán điện và giá điện năng giờ bình thường được áp dụng","Không vượt quá 30 ngày tiền điện, được tính trên cơ sở sản lượng điện tiêu thụ trung bình tháng đăng ký trong hợp đồng mua bán điện và giá điện năng giờ bình thường được áp dụng.","B"
"NLĐ thực hiện việc giám sát, kiểm tra, phúc tra chỉ số công tơ không đúng quy định để khách hàng phản ánh trên các phương tiện truyền thông bị xử lý kỷ luật như thế nào?","Khiển trách","Kéo dài thời gian nâng lương không quá 6 tháng","Sa thải","Không quy định","B"
"Tên giao dịch Tiếng anh của Tổng công ty Điện lực TP Hà Nội?","Hanoi Power Company","Hanoi Power Corporation","Hanoi Electricity Corporation","Hanoi Electricity Company","B"
"Theo Bộ tài liệu VHDN EVNHANOI (QĐ số 115/QĐ-HĐTV ngày 29/3/2023), Các chuẩn mực đạo đức nghề nghiệp của EVNHANOI là?","An toàn - Đoàn Kết - Văn minh - Trung Thực - Minh Bạch","An toàn - Đoàn kết - Nhân văn - Trung thực - Minh bạch","An toàn - Đoàn Kết - Nhân văn - Trung Thực - Nghĩa tình","An toàn - Đoàn Kết - Chuyên nghiệp - Trung Thực - Minh Bạch","B"
"Theo Bộ tài liệu VHDN EVNHANOI (QĐ số 115/QĐ-HĐTV ngày 29/3/2023), các chuẩn mực hành vi ứng xử chung của EVNHANOI là gì?","Chất lượng - Tận tâm - Chuyên nghiệp - Hợp tác - Nghĩa tình","Tôn trọng - Tận tâm - Chất lượng - Hợp tác - Nghĩa tình","Tôn trọng - Tận tâm - Chuyên nghiệp - Hợp tác - Bền vững","Tôn trọng - Tận tâm - Chuyên nghiệp - Hợp lực - Nghĩa tình","D"
"Theo Bộ tài liệu VHDN EVNHANOI (QĐ số 115/QĐ-HĐTV ngày 29/3/2023), giá trị cốt lõi của EVNHANOI là gì?","Niềm tin - Chất lượng - Tiên phong - Sáng tạo - Trách nhiệm","Niềm tin - Chất lượng - Đổi mới - Sáng tạo - Trách nhiệm","Niềm tin - Chất lượng - Tiên phong - Sáng tạo - Bền vững","Niềm tin - Chất lượng - Chuyên nghiệp - Sáng tạo -Bền vững","A"
"Theo Bộ tài liệu VHDN EVNHANOI (QĐ số 115/QĐ-HĐTV ngày 29/3/2023), Khẩu hiệu của EVNHANOI là?","Chuyên nghiệp - Văn minh - Hiệu quả","EVN thắp sáng niềm tin","Chất lượng - Đổi mới - Bền vững","Chuyên nghiệp - Tận tâm - Hiệu quả","B"
"Theo Bộ tài liệu VHDN EVNHANOI (QĐ số 115/QĐ-HĐTV ngày 29/3/2023), Tầm nhìn của EVNHANOI là?","Trở thành doanh nghiệp phân phối điện thuộc nhóm dẫn đầu khu vực ASEAN","Trở thành doanh nghiệp phân phối điện thuộc nhóm Top 3 khu vực ASEAN","Trở thành doanh nghiệp phân phối điện thuộc nhóm Top 4 khu vực ASEAN","Trở thành doanh nghiệp phân phối điện hàng đầu của Việt Nam","A"
"Theo Bộ tài liệu VHDN EVNHANOI (QĐ số 115/QĐ-HĐTV ngày 29/3/2023), triết lý hoạt động của EVNHANOI là gì?","Con người là trung tâm của sự tồn tại và phát triển, khách hàng là tài sản quý giá nhất, niềm tin được thắp sáng bằng các giá trị được tạo dựng và chia sẻ","Khách hàng là trung tâm của sự tồn tại và phát triển, con người là tài sản quý giá nhất, các giá trị được thắp sáng bằng niềm tin được tạo dựng và chia sẻ","Khách hàng là trung tâm của sự tồn tại và phát triển, con người là tài sản quý giá nhất, niềm tin được thắp sáng bằng các giá trị được tạo dựng và chia sẻ","Khách hàng là trung tâm của sự tồn tại và phát triển, người lao động là tài sản quý giá nhất, niềm tin được thắp sáng bằng các giá trị được tạo dựng và chia sẻ","C"
"Theo Bộ tài liệu VHDN EVNHANOI (QĐ số 115/QĐ-HĐTV ngày 29/3/2023), về nguyên tắc cơ bản của EVNHANOI ""Sức mạnh trong mọi hoạt động của EVNHANOI"" là gì?","Tinh thần đổi mới và sáng tạo","Tinh thần đoàn kết và trí tuệ tập thể","Tinh thần đoàn kết và sáng tạo","Tinh thần hợp tác và chia sẻ","B"
"Theo Bộ tài liệu VHDN EVNHANOI (QĐ số 115/QĐ-HĐTV ngày 29/3/2023), vì niềm tin của cộng đồng, EVNHANOI cam kết?","Vì một cộng đồng phát triển bền vững","Luôn quan tâm chăm lo đến lợi ích cộng đồng","Tái đầu tư cho cộng đồng bằng các chương trình an sinh xã hội","Giữ gìn và phát huy bản sắc văn hóa","A"
"Theo Bộ tài liệu VHDN EVNHANOI (QĐ số 115/QĐ-HĐTV ngày 29/3/2023), vì niềm tin của Đảng, Chính phủ, EVNHANOI cam kết?","Vì sự phát triển chung","Vì sự phát triển bền vững","Hoàn thành tốt mọi nhiệm vụ được giao","Đảm bảo cung ứng điện an toàn tin cậy","C"
"Theo Bộ tài liệu VHDN EVNHANOI (QĐ số 115/QĐ-HĐTV ngày 29/3/2023), vì niềm tin của khách hàng và đối tác, EVNHANOI cam kết?","Làm hài lòng khách hàng là nghĩa vụ của chúng tôi","Khách hàng là trung tâm của sự tồn tại và phát triển bền vững của EVNHANOI","Khách hàng là trung tâm của sự tồn tại và phát triển của EVNHANOI","Khách hàng là đại sứ thương hiệu của chúng tôi","B"
"Theo Bộ tài liệu VHDN EVNHANOI (QĐ số 115/QĐ-HĐTV ngày 29/3/2023), vì niềm tin của người lao động, EVNHANOI cam kết?","Người lao động luôn là tài sản quý giá nhất","Người lao động là tài sản quý giá nhất của EVNHANOI","Người lao động là trung tâm trong mọi hoạt động của EVNHANOI","Người lao động là tài sản quý giá và trung tâm trong mọi hoạt động của EVNHANOI","A"
"Theo Bộ tài liệu VHDN EVNHANOI (QĐ số 115/QĐ-HĐTV ngày 29/3/2023), vì sự bền vững của môi trường, EVNHANOI cam kết?","Trái đất của chúng ta chỉ có một, hãy bảo vệ môi trường","Hãy bảo vệ trái đất vì mục tiêu phát triển xanh, hiệu quả, bền vững","Kiểm soát ô nhiễm, tăng cường chất lượng môi trường","Trái đất của chúng ta chỉ có một, hãy bảo vệ ngôi nhà chung","D"
"Theo điều lệ tổ chức và hoạt động của Tổng công ty, Chủ sở hữu của Tổng công ty Điện lực Thành phố Hà Nội là?","Bộ Công Thương","Tập đoàn Điện lực Việt Nam","Ủy Ban Quản lý vốn nhà nước","UBND Thành phố Hà Nội","B"
"Theo điều lệ tổ chức và hoạt động, Hiện nay EVNHANOI có bao nhiêu ban chức năng và đơn vị trực thuộc?","17 ban chức năng và 38 đơn vị trực thuộc","16 ban chức năng và 38 đơn vị trực thuộc","15 ban chức năng và 39 đơn vị trực thuộc","17 ban chức năng và 39 đơn vị trực thuộc","B"
"Theo quy định có bao nhiêu ngày nghỉ lễ tết người lao động được nghỉ làm việc, hưởng nguyên lương?","12 ngày nghỉ lễ tết","10 ngày lễ tết","11 ngày lễ tết","13 ngày lễ tết","C"
"Theo quy định của Nghị định 17/2022/NĐ-CP, Hành vi Tự ý cấp điện cho tổ chức, cá nhân khác sẽ bị phạt tiền với mức phạt như thế nào?","Phạt tiền từ 1.000.000 đồng đến 3.000.000 đồng","Phạt tiền từ 3.000.000 đồng đến 5.000.000 đồng","Phạt tiền từ 5.000.000 đồng đến 8.000.000 đồng","Phạt tiền từ 8.000.000 đồng đến 10.000.000 đồng","B"
"Theo quy định của Nghị định 17/2022/NĐ-CP, Hành vi vi phạm quy định nào sau đây của Đơn vị bán lẻ điện bị phạt tiền từ 10.000.000 đến 30.000.000 đồng?","Không ký hợp đồng mua bán điện phục vụ mục đích sinh hoạt sau 07 ngày làm việc mà không có lý do chính đáng kể từ khi bên mua điện đã bảo đảm các điều kiện theo quy định và thỏa thuận về các nội dung trong dự thảo hợp đồng","Có hành vi lợi dụng nghề nghiệp để sách nhiễu các tổ chức, cá nhân sử dụng điện nhằm mục đích vụ lợi","Bán điện mà không có hợp đồng mua bán điện với khách hàng sử dụng điện.","Kiểm tra tổ chức, cá nhân sử dụng điện nhưng không xuất trình thẻ Kiểm tra viên điện lực hoặc không có Quyết định kiểm tra của Đơn vị điện lực","A"
"Theo quy định của Thông tư 19/2014/NĐ - CP, mẫu hợp đồng mua bán điện sinh hoạt trên địa bàn thành phố Hà Nội do cơ quan nào ban hành?","Tổng công ty Điện lực TP Hà Nội","Tập đoàn Điện lực Việt Nam","Sở Công thương TP Hà Nội","Bộ Công thương","D"
"Theo quy định của Thông tư 22/2020/TT-BCT, nếu Bên mua điện có hành vi trộm cắp điện thì bên bán điện có quyền?","Ngừng cấp điện ngay sau khi có biên bản vi phạm hành chính.","Ngừng cấp điện cho bên mua điện và phải thông báo trước thời điểm cho bên mua điện trước thời điểm ngừng cấp điện ít nhất 24 giờ","Thông báo ngừng cấp điện cho bên mua trước thời điểm ngừng cấp điện ít nhất 24 giờ và nêu rõ lý do ngừng cấp điện","Ngừng cấp điện cho bên mua điện theo thỏa thuận trong hợp đồng mua bán điện và phải thông báo cho bên mua điện trước thời điểm ngừng cấp điện ít nhất 24 giờ","A"
"Theo quy định của Thông tư 22/2020/TT-BCT, Người nào của bên bán điện có thẩm quyền ký thông báo ngừng, giảm mức cung cấp điện?","Người đại diện theo pháp luật của bên bán điện","Người đại diện theo pháp luật hoặc đại diện theo ủy quyền của bên bán điện","Người giữ chức danh được ủy quyền ký thông báo ngừng, giảm cung cấp điện do hai bên thỏa thuận trong hợp đồng mua bán điện","Người đại diện theo pháp luật hoặc đại diện theo ủy quyền của bên bán điện; Người giữ chức danh được ủy quyền ký thông báo ngừng, giảm cung cấp điện do hai bên thỏa thuận trong hợp đồng mua bán điện","D"
"Theo quy định của Thông tư 22/2020/TT-BCT, nội dung thông báo ngừng, giảm cung cấp điện gồm những nội dung nào?","Địa điểm ngừng, giảm mức cung cấp điện; mức công suất giảm hoặc khả năng cung cấp tối đa trong trường hợp giảm mức cung cấp điện; lý do ngừng, giảm mức cung cấp điện","Lý do ngừng, giảm mức cung cấp điện, thời gian bắt đầu ngừng, giảm mức cung cấp điện","Lý do ngừng, giảm mức cung cấp điện, thời gian bắt đầu ngừng, giảm mức cung cấp điện; thời điểm dự kiến đóng điện trở lại hoặc bảo đảm mức cung cấp điện bình thường","Địa điểm ngừng, giảm mức cung cấp điện; mức công suất giảm hoặc khả năng cung cấp tối đa trong trường hợp giảm mức cung cấp điện; lý do ngừng, giảm mức cung cấp điện, thời gian bắt đầu ngừng, giảm mức cung cấp điện, thời điểm dự kiến đóng điện trở lại hoặc bảo đảm mức cung cấp điện bình thường","D"
"Theo quy định của Thông tư 22/2020/TT-BCT, Trường hợp nào sau đây là trường hợp ngừng, giảm mức cung cấp điện khẩn cấp?","Ngừng, giảm mức cung cấp điện theo kế hoạch của bên bán điện khi có nhu cầu sửa chữa, bảo dưỡng, đại tu, xây lắp các công trình điện, điều hoà, hạn chế phụ tải do thiếu nguồn điện và các nhu cầu khác theo kế hoạch","Có sự cố xảy ra trên lưới điện cấp điện cho bên mua điện; sự cố trong hệ thống điện gây mất điện mà bên bán điện không kiểm soát được","Ngừng cấp điện theo yêu cầu của tổ chức, cá nhân có liên quan trong trường hợp để đảm bảo an toàn phục vụ thi công các công trình","Ngừng, giảm mức cung cấp điện theo yêu cầu của bên mua điện","B"
"Theo quy định của Thông tư 27/2013/TT - BCT, Kiểm tra viên điện lực của đơn vị bán buôn điện và bán lẻ điện không bắt buộc phải có tiêu chuẩn nào sau đây?","Có trình độ đại học trở lên về chuyên ngành điện","Có thời gian công tác trong lĩnh vực quản lý lưới điện truyền tải, lưới điện phân phối, kinh doanh điện từ 03 năm trở lên","Đã được bồi dưỡng kiến thức pháp luật về hoạt động điện lực và sử dụng điện","Nắm vững các quy trình, quy chuẩn kỹ thuật điện, an toàn điện, các quy định về công tác kiểm tra hoạt động điện lực, sử dụng điện","A"
"Theo quy định của Thông tư 27/2013/TT - BCT, Kiểm tra viên điện lực của đơn vị phân phối điện có nhiệm vụ, quyền hạn nào sau đây?","Kiểm tra hợp đồng mua bán điện của bên mua điện","Kiểm tra và ngăn chặn kịp thời các hành vi vi phạm về an toàn điện được quy định tại điều 7 của Luật Điện lực","Kiểm tra việc sử dụng điện an toàn, tiết kiệm, hiệu quả","Kiểm tra việc cắt điện, giảm mức tiêu thụ điện của bên sử dụng điện","B"
"Theo quy định của Thông tư 27/2013/TT - BCT, việc Kiểm tra hoạt động điện lực và sử dụng điện lực theo kế hoạch phải thông báo cho bên được kiểm tra biết trước ít nhất bao nhiêu ngày làm việc?","02 ngày","05 ngày","07 ngày","10 ngày","B"
"Theo quy định của Thông tư 39/2015/TT-BCT, Thời gian để Đơn vị phân phối điện có trách nhiệm phối hợp với khách hàng hoàn thành đóng điện chạy thử, nghiệm thu và đóng điện vận hành chính thức cho khách hàng có đề nghị đấu nối được thực hiện như thế nào?","06 ngày làm việc kể từ ngày nhận đầy đủ hồ sơ đóng điện điểm đấu nối hợp lệ của Khách hàng sử dụng điện có trạm điện riêng đấu nối vào lưới điện trung áp","06 ngày làm việc kể từ ngày nhận đầy đủ hồ sơ hợp lệ của Khách hàng sử dụng điện có trạm điện riêng đấu nối vào lưới điện trung áp","05 ngày làm việc kể từ ngày nhận đầy đủ hồ sơ đóng điện điểm đấu nối hợp lệ của Khách hàng sử dụng điện có trạm điện riêng đấu nối vào lưới điện trung áp","07 ngày làm việc kể từ ngày nhận đầy đủ hồ sơ đóng điện điểm đấu nối của Khách hàng sử dụng điện có trạm điện riêng đấu nối vào lưới điện trung áp","C"
"Theo quy định của Thông tư số 22/2020/TT-BCT, bên bán điện chỉ được ngừng cấp điện khi tổ chức, cá nhân vi phạm quy định của pháp luật nào sau đây?","Luật Điện lực","Pháp luật về bảo vệ môi trường","Luật Xây dựng","Luật Đất đai","A"
"Theo quy định tại Nghị định 17/2022/NĐ-CP ngày 31/01/2022, Đơn vị phân phối điện bị phạt tiền từ 40.000.000 đồng đến 60.000.000 đồng đối với hành vi vi phạm nào trong các hành vi vi phạm sau?","Không hoàn thành kiểm tra, sửa chữa hoặc thay thế thiết bị đo đếm điện hoặc không có giải pháp thay thế trong thời hạn 03 ngày làm việc tính từ ngày nhận được yêu cầu bằng văn bản của bên mua điện","Sử dụng các thiết bị đo đếm điện năng không được kiểm định theo quy định hoặc đã được kiểm định nhưng không đạt tiêu chuẩn, quy chuẩn kỹ thuật do cơ quan nhà nước có thẩm quyền ban hành cho thiết bị đo đếm điện năng đối với lưới phân phối điện","Cho phép đấu nối vào lưới phân phối điện các thiết bị không phù hợp với tiêu chuẩn, quy chuẩn kỹ thuật do cơ quan nhà nước có thẩm quyền ban hành","Cung cấp thông tin không chính xác gây ảnh hưởng đến an toàn, thiệt hại đối với hoạt động phân phối điện","A"
"Theo quy định tại Nghị định 17/2022/NĐ-CP ngày 31/01/2022, Hành vi vi phạm nào sau đây của Đơn vị bán lẻ điện bị phạt tiền từ 40.000.000 đến 50.000.000 đồng?","Không ký hợp đồng mua bán điện phục vụ mục đích sinh hoạt sau 07 ngày làm việc mà không có lý do chính đáng kể từ khi bên mua điện đã bảo đảm các điều kiện theo quy định và thỏa thuận về các nội dung trong dự thảo hợp đồng","Ngừng hoặc giảm mức cung cấp điện mà không thông báo theo quy định về trình tự ngừng, giảm mức cung cấp điện","Bán điện mà không có hợp đồng mua bán điện với khách hàng sử dụng điện.","Bán sai giá điện do cơ quan có thẩm quyền quy định","C"
"Theo quy định tại Nghị định 17/2022/NĐ-CP ngày 31/01/2022, Hành vi vi phạm nào sau đây của Đơn vị phân phối điện bị phạt tiền từ 40.000.000 đến 60.000.000 đồng?","Không báo cáo về khả năng sẵn sàng vận hành, mức dự phòng của lưới điện và trang thiết bị phân phối điện, nhu cầu sử dụng điện trên địa bàn hoạt động của mình theo yêu cầu của Đơn vị điều độ hệ thống điện quốc gia, Đơn vị điều hành giao dịch thị trường điện lực, Cơ quan điều tiết điện lực hoặc cơ quan nhà nước có thẩm quyền","Không cung cấp dịch vụ phân phối điện cho khách hàng sử dụng điện, Đơn vị bán lẻ điện, Đơn vị bán buôn điện đã đáp ứng các tiêu chuẩn, quy chuẩn kỹ thuật, chất lượng dịch vụ, an toàn theo hợp đồng, trừ trường hợp lưới phân phối điện bị quá tải có xác nhận của Cơ quan điều tiết điện lực hoặc cơ quan được ủy quyền","Không hoàn thành kiểm tra, sửa chữa hoặc thay thế thiết bị đo đếm điện hoặc không có giải pháp thay thế trong thời hạn 03 ngày làm việc tính từ ngày nhận được yêu cầu bằng văn bản của bên mua điện","Sử dụng thiết bị đo đếm điện không phù hợp với Tiêu chuẩn quốc gia (TCVN), không được cơ quan quản lý nhà nước hoặc tổ chức được chỉ định về đo lường kiểm định và niêm phong","C"
"Theo quy định tại Nghị định 17/2022/NĐ-CP ngày 31/01/2022, Hành vi vi phạm nào sau đây của Đơn vị phát điện, bán buôn, bán lẻ điện bị phạt tiền từ 100.000.000 đến 120.000.000 đồng?","Bán sai giá điện do cơ quan có thẩm quyền quy định","Mua, bán buôn điện mà hợp đồng mua, bán buôn điện không tuân thủ các quy định của pháp luật về hợp đồng mua, bán điện có thời hạn","Mua, bán điện với đơn vị không có Giấy phép hoạt động điện lực","Xuất, nhập khẩu điện mà không có Giấy phép xuất, nhập khẩu điện","B"
"Theo quy định tại Nghị định 17/2022/NĐ-CP ngày 31/01/2022, Người cho thuê nhà thu tiền điện của người thuê nhà cao hơn giá quy định trong trường hợp mua điện theo giá bán lẻ điện để phục vụ mục đích sinh hoạt, sản xuất, kinh doanh, dịch vụ sẽ bị phạt tiền với mức phạt như thế nào?","Phạt tiền từ 20.000.000 đến 30.000.000 đồng","Phạt tiền từ 30.000.000 đến 40.000.000 đồng","Phạt tiền từ 40.000.000 đến 50.000.000 đồng","Phạt tiền từ 50.000.000 đến 60.000.000 đồng","A"
"Thiệt hại bao nhiêu được coi là thiệt hại nghiêm trọng?","Thiệt hại có giá trị trên 30 tháng lương tối thiểu vùng do Chính phủ quy định áp dụng nơi NLĐ làm việc","Thiệt hại có giá trị trên 10 tháng lương tối thiểu vùng đến 30 tháng lương tối thiểu vùng do Chính phủ quy định áp dụng nơi NLĐ làm việc","Thiệt hại có giá trị trên 10 tháng lương tối thiểu vùng do Chính phủ quy định áp dụng nơi NLĐ làm việc","Thiệt hại có giá trị trên 05 tháng lương tối thiểu vùng đến 10 tháng lương tối thiểu vùng do Chính phủ quy định áp dụng nơi NLĐ làm việc","B"
"Trong Bộ quy tắc ứng cử EVNHANOI, về văn hóa giao tiếp khi bắt tay, quy định nào là không đúng?","Trong nội bộ, cấp dưới chủ động giơ tay ra trước để bắt tay chào đón, cấp trên nhận bắt tay và gật đầu mỉm cười","Trong ngoại giao, Chủ nhà chủ động giơ tay trước để bắt tay đón khách","Nam giới với nhau: nên nắm cả bàn tay, siết nhẹ tay","Cần bắt tay với tư thế đĩnh đạc, nhìn vào mắt người đối diện","A"
"Trong Bộ quy tắc ứng xử của EVNHANOI, nguyên tắc trong ""Quan hệ nội bộ"" là gì?","Tôn trọng - Bình đẳng - Hợp tác","Tôn trọng - Đoàn kết - Trí tuệ","Hợp tác - Đổi mới - Chia sẻ","Tôn trọng - đoàn kết - Chia sẻ","D"
"Trong Bộ quy tắc ứng xử của EVNHANOI, nguyên tắc trong ""Quan hệ với đối tác"" là gì?","Bình đẳng - tin cậy - hợp tác","Bình đẳng - hợp tác - chia sẻ","Tôn trọng - chia sẻ - đoàn kết","Hợp tác - Đổi mới - Bền vững","A"
"Trong Bộ quy tắc ứng xử EVNHANOI, phần ""Đoàn kết, chia sẻ"" yêu cầu CBCNV EVNHANOI cần nêu cao đạo lý gì?","Uống nước nhớ nguồn","Tương thân tương ái","Lá lành đùm lá rách","Thương người như thể thương thân","A"
"Trong các hành vi sau đây, hành vi nào là hành vi vi phạm hợp đồng mua bán điện của bên bán điện theo quy định tại Nghị định 137/2013/NĐ-CP?","Lợi dụng chức vụ, quyền hạn để gây sách nhiễu, phiền hà, thu lợi bất chính","Trộm cắp điện","Ghi sai chỉ số công tơ","Cản trở việc kiểm tra hoạt động điện lực và sử dụng điện","C"
"Trong các hành vi sau đây, hành vi nào là hành vi bị cấm trong hoạt động điện lực và sử dụng điện?","Đóng cắt điện trái quy định của pháp luật","Ghi sai chỉ số công tơ, tính sai tiền điện trong hóa đơn","Sử dụng điện sai mục đích ghi trong hợp đồng","Chậm trả tiền điện theo quy định mà không có lý do chính đáng","A"
"Trường hợp nào sau đây không thuộc trường hợp ngừng, giảm mức cung cấp điện khẩn cấp theo quy định của Thông tư 22/2020/TT-BCT?","Ngừng cấp điện theo yêu cầu của tổ chức, cá nhân có liên quan trong trường hợp để đảm bảo an toàn phục vụ thi công các công trình.","Có sự cố xảy ra trên lưới điện cấp điện cho bên mua điện","Hệ thống điện thiếu công suất dẫn đến đe dọa an ninh hệ thống điện","Có nguy cơ gây sự cố, mất an toàn nghiêm trọng cho người","A"
"Trường hợp NLĐ bỏ việc 04 ngày làm việc cộng dồn trong 01 tháng bị xử lý như thế nào?","Khiển trách","Kéo dài thời gian nâng lương không quá 6 tháng","Sa thải","Phê bình","B"
"Ý nghĩa Motif biểu tượng ngôi sao bốn cánh với kích thước khác nhau (đại diện cho ba khối phát điện, truyền tải và phân phối) được sắp xếp theo hiệu ứng lan tỏa là gì?","Triệu nguồn sáng, triệu niềm tin","EVN thắp sáng niềm tin","Một nguồn sáng, triệu niềm tin","Triệu nguồn sáng thắp sáng niềm tin","C"
"Yêu cầu về trình độ đối với kiểm tra viên điện lực của đơn vị bán buôn điện, bán lẻ điện được được quy định như thế nào?","Có trình độ trung cấp trở lên chuyên ngành về điện","Có trình độ đại học trở lên chuyên ngành về điện","Công nhân kỹ thuật điện từ bậc 5/7 trở lên","Công nhân kỹ thuật điện từ bậc 6/7 trở lên","C"
"Yêu cầu về trình độ đối với kiểm tra viên điện lực của đơn vị phân phối điện được quy định như thế nào?","Có trình độ trung cấp trở lên chuyên ngành về điện","Có trình độ đại học trở lên chuyên ngành về điện","Công nhân kỹ thuật điện từ bậc 5/7 trở lên","Công nhân kỹ thuật điện từ bậc 6/7 trở lên","A"
